{
  "Author": "Ice (Lenopis)",
  "Name": "Explorer's Icebox'",
  "InternalName": "ExplorersIcebox",
  "AssemblyVersion": "0.0.0.1",
  "Description": "A little helper that lets you level up, or gather all the materials on Island Sanctary. Requires Navmesh & Visland.",
  "ApplicableVersion": "any",
  "Tags": [
    "Island Sanctuary",
    "Island",
    "Sanctuary"
  ],
  "DalamudApiLevel": 11,
  "LoadRequiredState": 0,
  "LoadSync": false,
  "CanUnloadAsync": false,
  "LoadPriority": 0,
  "Punchline": "What if, we held hands underneath the quartz mountain.",
  "AcceptsFeedback": true
}