{
  "Author": "Ice",
  "Name": "ExplorersIcebox'",
  "InternalName": "ExplorersIcebox",
  "AssemblyVersion": "1.0.0.0",
  "Description": "A little helper that lets you level up, or gather all the materials on Island Sanctary. Requires Navmesh & Visland.\nPop open a cold one while the tedious parts of exploration is handled by your good friend cousin robby",
  "ApplicableVersion": "any",
  "Tags": [
    "Island Sanctuary",
    "Island",
    "Sanctuary"
  ],
  "DalamudApiLevel": 11,
  "LoadRequiredState": 0,
  "LoadSync": false,
  "CanUnloadAsync": false,
  "LoadPriority": 0,
  "Punchline": "What if, we held hands underneath the quartz mountain.",
  "AcceptsFeedback": true
}